utt_id,score,label_int
LA_D_1047731,5.649780273,0
LA_D_1105538,2.701918125,0
LA_D_1125976,3.691374540,0
LA_D_1293230,4.951247215,0
LA_D_1340209,3.891631842,0
LA_D_1376638,7.441874027,0
LA_D_1377420,7.185408592,0
LA_D_1403371,2.408504009,0
LA_D_1590530,4.078937531,0
LA_D_1595036,-5.858656406,0
LA_D_1618135,6.057553291,0
LA_D_1624385,-0.476738811,0
LA_D_1766721,6.409427643,0
LA_D_1833136,4.259512901,0
LA_D_1837988,-2.890786409,0
LA_D_1849134,4.671238899,0
