acc,tpr,fpr,bal_acc,thr_dev,eval_eer,dev_eer
0.7635638783216587,0.7537177921793307,0.15091774303195105,0.8014000245736899,-2.443451166152954,0.2029873942675281,0.14639164848683534
