{
  "acc": 0.7635638783216587,
  "tpr": 0.7537177921793307,
  "fpr": 0.15091774303195105,
  "bal_acc": 0.8014000245736899,
  "thr_dev": -2.443451166152954,
  "eval_eer": 0.2029873942675281,
  "dev_eer": 0.14639164848683534
}