{
  "with_mean": true,
  "with_std": true,
  "mean": [
    -373.4867717074592,
    72.37092475409274,
    3.772464027873147,
    19.69591071655881,
    -9.107230356107086,
    -6.1077889965914345,
    -8.737376526733378,
    -10.2088475263034,
    -2.404123070101082,
    -4.515366331435028,
    -3.2350363948750887,
    -4.4463763209716145,
    -6.371985040779992,
    -6.71951258013618,
    -8.407760053214771,
    -3.9520686237099287,
    -4.547497706289891,
    -2.234450139335402,
    -2.515696496165299,
    -1.8728490340197004,
    0.006447286033963824,
    -0.02488669469903955,
    -0.017639032408490882,
    -0.014569721500495653,
    -0.00754364186803222,
    0.006551312948718215,
    6.616383179640158e-05,
    -0.0008458035279820849,
    0.0019844082392456927,
    -0.0017170303568139777,
    6.422778929308022e-05,
    0.0016888490415119626,
    0.001856436746520596,
    0.0014268550140596492,
    0.00046290923734922785,
    0.0014835431256216445,
    -0.0010306519296341564,
    -0.0022856710286407204,
    -0.0032443405539839417,
    0.0003870080799767465,
    0.020978960686213487,
    0.0032819706169597476,
    -0.0011547774596092028,
    -3.3493320286135015e-05,
    -0.0030609313360738864,
    -0.002425692067696498,
    -0.003927091990317498,
    -0.00045045275024045044,
    0.00010954928467601607,
    0.001087400410836671,
    0.001319272795340398,
    -0.00068357457981243,
    0.0002639736870785693,
    0.0013062849229588096,
    -0.0005747498364159555,
    0.0009287501655536376,
    0.0032886572967876088,
    0.003032838113658078,
    0.001622096445732739,
    0.0023058317532906165
  ],
  "scale": [
    129.018184628046,
    57.95799340418005,
    37.18219672997543,
    24.21231133170388,
    25.439963707074604,
    19.06244538338507,
    16.105049157385853,
    15.410590900470137,
    11.875903039994375,
    12.283727234573941,
    9.260093164351648,
    11.489568801856358,
    8.832058353681733,
    7.991559459292216,
    9.03301175696178,
    7.7742153763365485,
    6.669720682720985,
    6.4905171657746195,
    6.807540198616124,
    6.6059551371351,
    15.015911456267348,
    9.229988873092688,
    6.3349917944499445,
    3.5408109934927494,
    3.8820225134686437,
    2.9105285657974838,
    2.372339969283215,
    2.288019327884022,
    1.8815213235327983,
    1.7370301020027432,
    1.4768840820583817,
    1.650179391327971,
    1.287970946351309,
    1.2230693105064665,
    1.3211150783864347,
    1.1306260780083888,
    1.0262265480154726,
    0.9780095696772214,
    1.0130709495377435,
    0.989595995332844,
    7.29105898380409,
    4.2039992699316215,
    3.093479035120894,
    1.7042314356490136,
    1.8465792817697382,
    1.460001894530572,
    1.2904763175926672,
    1.1780015710865646,
    1.0668229340264932,
    0.9288792014851038,
    0.8801954272258996,
    0.8834177712680116,
    0.7369211973504822,
    0.7130427286203008,
    0.7602414312116237,
    0.6843768818419594,
    0.6387686100144951,
    0.6123599185387056,
    0.614879199229051,
    0.602400499217888
  ]
}