n_eval,n_bonafide,n_spoof,thr_dev_minEER,TPR,FPR,TNR,FNR,ACC,BAL_ACC
71237,7355,63882,-1.2820403575897217,0.8311574465420619,0.0716519374575119,0.9283480625424881,0.16884255345793808,0.8411920771509188,0.879752754542275
