{
  "with_mean": true,
  "with_std": true,
  "mean": [
    -370.4732223193473,
    74.34420987399197,
    5.621820116740701,
    18.432486114369823,
    -6.5176547156458415,
    -6.886767204570326,
    -7.19754893834552,
    -9.957769320187035,
    -3.11288598950565,
    -3.2719191375491503,
    -4.256594634051784,
    -4.147496615571159,
    -6.715430315900794,
    -6.525415489469931,
    -7.779122918936618,
    -4.360950043183107,
    -4.15686108134218,
    -2.1357644391673984,
    -2.985439456130241,
    -1.7834829091219913,
    -0.0242429806016264,
    -0.006259115992170392,
    -0.002317542498761957,
    -0.010072091991251165,
    0.0023368280710596026,
    0.004954007446210145,
    -0.006192310303102284,
    -0.002343670141030025,
    -0.002001311506841566,
    -0.0024659493195982804,
    -0.0052284336993188565,
    0.0002976336530594281,
    0.0029245143040910466,
    -0.0001522514664487683,
    -0.0008066011048974968,
    0.004279248548415435,
    -0.0005889867877626753,
    -0.0007385885903051683,
    -0.0004917507656526455,
    -0.0032750308198250815,
    0.006981472675200109,
    0.006669075431662562,
    -0.005227343772257958,
    -0.002403279856507317,
    -0.002126920302292128,
    -0.0004927594940979164,
    0.001641056496641297,
    0.0007943052613373959,
    0.0005479133657086423,
    0.0022027430507964465,
    -0.0003105713415257025,
    -0.00036139046173273544,
    0.0005121294367007721,
    0.0006215685606002808,
    0.001443583059699941,
    0.0032985681285669197,
    0.001134854752561707,
    0.0009913659197189314,
    0.0030153627838843907,
    0.0017197390719727202
  ],
  "scale": [
    129.96537542234216,
    58.15070396022485,
    35.392621618323396,
    24.056926413344485,
    23.37391228797555,
    20.101097026549144,
    16.255581040225476,
    15.348284050032044,
    12.25854976532261,
    11.703236077861993,
    9.916007035004428,
    10.770015617024457,
    8.981602411236326,
    8.1064383617053,
    8.71089483923594,
    7.627434145939894,
    6.751313596351765,
    6.694907795474385,
    7.177486331026433,
    6.706158177775198,
    14.937400501822813,
    9.22272893542286,
    6.003848163023526,
    3.4865035751439035,
    3.5375644724303883,
    3.035080360535578,
    2.281546513380683,
    2.2785476545435714,
    1.8958450712262676,
    1.6727892015682426,
    1.5267474167621045,
    1.5640391769765138,
    1.3002472070660769,
    1.2284355040331127,
    1.2796441156838656,
    1.1379711517094029,
    1.0236737055047072,
    0.9984861334620119,
    1.0457204876474715,
    0.9967534233343313,
    7.318801530163387,
    4.1743396005889375,
    2.958272444344525,
    1.6789258354144319,
    1.7150526765078038,
    1.5051949632025114,
    1.2480664054431703,
    1.1737011988419859,
    1.0575928606130818,
    0.9184997074133785,
    0.8801275312609874,
    0.8542610975220639,
    0.7364450438298642,
    0.7098662412370692,
    0.7399983840665153,
    0.6820239673145028,
    0.6330649227831232,
    0.6171811022952265,
    0.6292066256368536,
    0.6046527815843032
  ]
}