n_eval,n_bonafide,n_spoof,thr_dev_minEER,TPR,FPR,TNR,FNR,ACC,BAL_ACC
71237,7355,63882,-1.9212855100631714,0.7552675244982937,0.021617946974847042,0.9783820530251529,0.24473247550170626,0.778303409744936,0.8668247887617233
