{
  "with_mean": true,
  "with_std": true,
  "mean": [
    -58.23722278858342,
    17.551187582663168,
    2.999684019948636,
    3.2013016958029676,
    3.5324638980231087,
    3.669385545239721,
    1.0631340414071695,
    2.490647729446699,
    0.83593189992285,
    1.9685409694383473,
    0.6572416507115453,
    1.2529129284128442,
    0.09326358052692213,
    0.699244094475027,
    -0.22835455538579078,
    0.40454836974166214,
    -0.21530901624286647,
    0.3225516506512682,
    -0.3950980425884118,
    0.15305349509393695,
    10.494280788051498,
    10.284167236677694,
    8.868512146598531,
    6.5596974516890265,
    3.128433417253839,
    -1.2118752286700936,
    -0.32733076774351527,
    -0.33413517489216543,
    -0.37233521986424506,
    -0.2907390385092277,
    -0.21235246923809006,
    -0.24399708215895788,
    -0.1870302571796037,
    -0.18699933812251457,
    -0.1318712538489095,
    -0.11008098733230626,
    -0.030248258382151456,
    -0.02872182865534629,
    0.022306446242860423,
    0.005137782796974227,
    0.8253741128150122,
    -1.9102415301206506,
    -4.23809172579792,
    -4.991255669971168,
    -3.651292479197879,
    0.8146186524257237,
    -0.048371582475575534,
    0.058106833822521575,
    0.06426102680481953,
    0.07730120537553356,
    -0.06415576741398075,
    0.05662198332820461,
    -0.009727251746437767,
    0.0915499855778712,
    0.011141195087305038,
    0.06175569020256852,
    0.0212036979548581,
    0.04935567122628361,
    0.004565994968642166,
    0.02689585866947552
  ],
  "scale": [
    33.05823355760605,
    13.991712434584864,
    5.731012371854778,
    4.389590188105147,
    4.080158854019537,
    3.495680083719563,
    3.279270722315444,
    3.0363331813493395,
    2.553432544827701,
    2.0963614844253873,
    2.0245873631252507,
    1.9845703366033962,
    1.935062018364259,
    1.833364905938365,
    1.853299618754205,
    1.7325157869170538,
    1.574140041674925,
    1.4187008634400942,
    1.4181504254441122,
    1.3096991304179773,
    5.584776339118618,
    5.571451317990534,
    5.0996732508147815,
    4.026239251231083,
    2.501242422365904,
    1.0431706060321106,
    0.5304235042003915,
    0.40309702896298316,
    0.41309708997146194,
    0.39202856455803264,
    0.3764163018544027,
    0.34684899126503427,
    0.28807884833159386,
    0.24872577826415393,
    0.22906649054947625,
    0.211699749754196,
    0.23484383273945925,
    0.24440325039996227,
    0.2602880476007952,
    0.24029124095553822,
    0.9761580961451543,
    0.9055467178113317,
    1.964033498219782,
    2.580980616756736,
    2.140978913817767,
    0.8493788488569364,
    0.48548718128096363,
    0.40525641210935925,
    0.3462732850589356,
    0.29329294640512366,
    0.2538084406960415,
    0.24968902327695325,
    0.23444903167530431,
    0.20142987998945502,
    0.20383993317666024,
    0.20092493038152728,
    0.18598209100361565,
    0.17023049152635797,
    0.1411799287057794,
    0.1228879321345467
  ]
}