{
  "feature": "lfcc",
  "epochs": 15,
  "batch_size": 32,
  "T_crop": 400,
  "max_spoof_utts": 6000,
  "balance_attacks": true,
  "dev": {
    "eer": 0.00033078562218956256,
    "thr": 1.0877103805541992
  },
  "eval": {
    "eer": 0.1277933443780853,
    "acc": 0.6366916068896781,
    "tpr": 0.5949563257255565,
    "fpr": 0.0008157715839564922,
    "bal_acc": 0.7970702770708
  },
  "run_dir": "/Users/nasseralameri/Documents/GitHub/elec5305-project-510044280/results/models/cnn_lfcc/cnn_T400_E15_B32_S6000_BAL_20251116-1823",
  "feature_root": "/Users/nasseralameri/Documents/GitHub/elec5305-project-510044280/results/features",
  "device": "mps"
}