{
  "acc": 0.6366916068896781,
  "tpr": 0.5949563257255565,
  "fpr": 0.0008157715839564922,
  "bal_acc": 0.7970702770708,
  "thr_dev": 1.0877103805541992,
  "eval_eer": 0.1277933443780853,
  "dev_eer": 0.00033078562218956256
}