acc,tpr,fpr,bal_acc,thr_dev,eval_eer,dev_eer
0.6366916068896781,0.5949563257255565,0.0008157715839564922,0.7970702770708,1.0877103805541992,0.1277933443780853,0.00033078562218956256
