{
  "with_mean": true,
  "with_std": true,
  "mean": [
    -59.25661559405638,
    18.153157301005226,
    1.9942276009988118,
    3.2985721008038467,
    3.9926740295450727,
    3.203640604754845,
    0.9834756989405428,
    2.71858482535041,
    0.8631830815889618,
    1.8027561762294013,
    0.6625044807556904,
    1.2812236453611534,
    -0.029490841392036917,
    0.520059453714283,
    -0.20426721020261723,
    0.37028738951974816,
    -0.2057287687459192,
    0.31264808527684157,
    -0.44948878466152087,
    0.06197808830110065,
    10.676236530254771,
    10.432505918468351,
    8.99975781225644,
    6.678675468934027,
    3.2009828073324025,
    -1.2160650465689895,
    -0.2759732530957613,
    -0.3496995380616688,
    -0.3902280760693661,
    -0.28081057783370805,
    -0.22755740066355482,
    -0.2642155225164407,
    -0.18446268680267958,
    -0.176029533084178,
    -0.130932295856637,
    -0.10922090220284629,
    -0.025940830728251894,
    -0.031566019297201875,
    0.007079973103561046,
    -0.00700003148111708,
    0.8720642178903371,
    -1.9443053183074877,
    -4.29971975309143,
    -5.042381901484269,
    -3.686419867076796,
    0.8267595715532492,
    -0.10626894781806252,
    0.07576734463610016,
    0.07590691860141732,
    0.03669091060847947,
    -0.06030054610384094,
    0.07820923738907545,
    -0.00016843860313331052,
    0.09261772745528143,
    0.017213634483741993,
    0.05878620887622411,
    0.005884335799789651,
    0.036209188931055,
    0.006088527238730228,
    0.029108866768283444
  ],
  "scale": [
    32.94828864437713,
    14.685682521915483,
    6.051682697830205,
    4.151129297715078,
    4.460250814689764,
    3.4370984908057487,
    3.244647197618316,
    2.998757361741405,
    2.502344409762834,
    2.179711672817312,
    2.0354567613444323,
    1.9363652097860595,
    1.895890324619811,
    1.8375651761058747,
    1.8370318549003395,
    1.6558817317138128,
    1.5752569804379162,
    1.4152373563941354,
    1.4263335100450154,
    1.3186610432243442,
    5.551455521704102,
    5.56243062905425,
    5.097698002645895,
    4.017776338267476,
    2.497461899850243,
    1.0552784906461727,
    0.531257508218369,
    0.4094438244549562,
    0.42577849617575947,
    0.39409665760497103,
    0.3834529275955632,
    0.34796528862829984,
    0.286995726211922,
    0.2546777109887089,
    0.23431988170252568,
    0.21506108979522215,
    0.24053300556823998,
    0.2452291589998676,
    0.2609147274722426,
    0.24354171602139063,
    0.9521709728873218,
    0.901859782155926,
    1.9537024670897434,
    2.5835103016311076,
    2.151691142995289,
    0.8624886249301331,
    0.5124411897177126,
    0.38807019702532136,
    0.3594323313188087,
    0.2847089460545191,
    0.2526517845222382,
    0.24571019805169078,
    0.22904852531319952,
    0.19667007293571978,
    0.21566188165248495,
    0.2012589970916402,
    0.18751729143748908,
    0.1738096166633957,
    0.14624939852066854,
    0.12097624408014183
  ]
}